<?xml version="1.0" encoding="UTF-8"?>
<project-private xmlns="http://www.netbeans.org/ns/project-private/1">
    <editor-bookmarks xmlns="http://www.netbeans.org/ns/editor-bookmarks/2" lastBookmarkId="0"/>
    <open-files xmlns="http://www.netbeans.org/ns/projectui-open-files/2">
        <group>
            <file>file:/C:/Users/nanth/OneDrive/Documents/NetBeansProjects/RestaurantQueue%20-%20Copy/src/main/RestaurantQueue.java</file>
            <file>file:/C:/Users/nanth/OneDrive/Documents/NetBeansProjects/RestaurantQueue%20-%20Copy/src/main/GuiRestaurant.java</file>
            <file>file:/C:/Users/nanth/OneDrive/Documents/NetBeansProjects/RestaurantQueue%20-%20Copy/src/main/GuiforMenu.java</file>
            <file>file:/C:/Users/nanth/OneDrive/Documents/NetBeansProjects/RestaurantQueue%20-%20Copy/src/main/GuiAddStock.java</file>
            <file>file:/C:/Users/nanth/OneDrive/Documents/NetBeansProjects/RestaurantQueue%20-%20Copy/src/main/GuiforStock.java</file>
            <file>file:/C:/Users/nanth/OneDrive/Documents/NetBeansProjects/RestaurantQueue%20-%20Copy/src/RestaurantQueue/Drinks</file>
            <file>file:/C:/Users/nanth/OneDrive/Documents/NetBeansProjects/RestaurantQueue%20-%20Copy/src/RestaurantQueue/DrinksStock</file>
            <file>file:/C:/Users/nanth/OneDrive/Documents/NetBeansProjects/RestaurantQueue%20-%20Copy/src/RestaurantQueue/DessertStock</file>
            <file>file:/C:/Users/nanth/OneDrive/Documents/NetBeansProjects/RestaurantQueue%20-%20Copy/src/lib/shopcart.java</file>
            <file>file:/C:/Users/nanth/OneDrive/Documents/NetBeansProjects/RestaurantQueue%20-%20Copy/src/lib/shopcenter.java</file>
            <file>file:/C:/Users/nanth/OneDrive/Documents/NetBeansProjects/RestaurantQueue%20-%20Copy/src/lib/typefoodcatalog.java</file>
            <file>file:/C:/Users/nanth/OneDrive/Documents/NetBeansProjects/RestaurantQueue%20-%20Copy/src/Stock/DrinksStock.java</file>
            <file>file:/C:/Users/nanth/OneDrive/Documents/NetBeansProjects/RestaurantQueue%20-%20Copy/src/lib/Datafilestock.java</file>
            <file>file:/C:/Users/nanth/OneDrive/Documents/NetBeansProjects/RestaurantQueue%20-%20Copy/src/main/GuiforGoods.java</file>
            <file>file:/C:/Users/nanth/OneDrive/Documents/NetBeansProjects/RestaurantQueue%20-%20Copy/src/RestaurantQueue/BillandCart</file>
            <file>file:/C:/Users/nanth/OneDrive/Documents/NetBeansProjects/RestaurantQueue%20-%20Copy/src/RestaurantQueue/Dessert</file>
            <file>file:/C:/Users/nanth/OneDrive/Documents/NetBeansProjects/RestaurantQueue%20-%20Copy/src/RestaurantQueue/Maincourse</file>
            <file>file:/C:/Users/nanth/OneDrive/Documents/NetBeansProjects/RestaurantQueue%20-%20Copy/src/RestaurantQueue/MaincourseStock</file>
            <file>file:/C:/Users/nanth/OneDrive/Documents/NetBeansProjects/RestaurantQueue%20-%20Copy/src/RestaurantQueue/Queue</file>
        </group>
    </open-files>
</project-private>
