<?xml version="1.0" encoding="UTF-8"?>
<project-private xmlns="http://www.netbeans.org/ns/project-private/1">
    <editor-bookmarks xmlns="http://www.netbeans.org/ns/editor-bookmarks/2" lastBookmarkId="0"/>
    <open-files xmlns="http://www.netbeans.org/ns/projectui-open-files/2">
        <group>
            <file>file:/D:/6721601583/RestaurantQueue%20-%20close%20final%20vertion/RestaurantQueue%20-%20close%20final%20vertion/src/main/GuiRestaurant.java</file>
            <file>file:/D:/6721601583/RestaurantQueue%20-%20close%20final%20vertion/RestaurantQueue%20-%20close%20final%20vertion/src/File/Dessert</file>
            <file>file:/D:/6721601583/RestaurantQueue%20-%20close%20final%20vertion/RestaurantQueue%20-%20close%20final%20vertion/src/File/Drinks</file>
            <file>file:/D:/6721601583/RestaurantQueue%20-%20close%20final%20vertion/RestaurantQueue%20-%20close%20final%20vertion/src/File/Maincourse</file>
            <file>file:/D:/6721601583/RestaurantQueue%20-%20close%20final%20vertion/RestaurantQueue%20-%20close%20final%20vertion/src/File/Queue</file>
        </group>
    </open-files>
</project-private>
