<?xml version="1.0" encoding="UTF-8"?>
<project-private xmlns="http://www.netbeans.org/ns/project-private/1">
    <editor-bookmarks xmlns="http://www.netbeans.org/ns/editor-bookmarks/2" lastBookmarkId="0"/>
    <open-files xmlns="http://www.netbeans.org/ns/projectui-open-files/2">
        <group>
            <file>file:/C:/Users/nanth/Downloads/RestaurantQueue%20-%20final%20when/RestaurantQueue%20-%20final%20when/RestaurantQueue%20-%20close%20final%20vertion/src/main/GuiforMenu.java</file>
            <file>file:/C:/Users/nanth/Downloads/RestaurantQueue%20-%20final%20when/RestaurantQueue%20-%20final%20when/RestaurantQueue%20-%20close%20final%20vertion/src/main/GuiforStock.java</file>
            <file>file:/C:/Users/nanth/Downloads/RestaurantQueue%20-%20final%20when/RestaurantQueue%20-%20final%20when/RestaurantQueue%20-%20close%20final%20vertion/src/main/GuiRestaurant.java</file>
            <file>file:/C:/Users/nanth/Downloads/RestaurantQueue%20-%20final%20when/RestaurantQueue%20-%20final%20when/RestaurantQueue%20-%20close%20final%20vertion/src/lib/Datafilemenu.java</file>
            <file>file:/C:/Users/nanth/Downloads/RestaurantQueue%20-%20final%20when/RestaurantQueue%20-%20final%20when/RestaurantQueue%20-%20close%20final%20vertion/src/lib/DatafileQueue.java</file>
            <file>file:/C:/Users/nanth/Downloads/RestaurantQueue%20-%20final%20when/RestaurantQueue%20-%20final%20when/RestaurantQueue%20-%20close%20final%20vertion/src/main/RestaurantQueue.java</file>
        </group>
    </open-files>
</project-private>
