<?xml version="1.0" encoding="UTF-8"?>
<project-private xmlns="http://www.netbeans.org/ns/project-private/1">
    <editor-bookmarks xmlns="http://www.netbeans.org/ns/editor-bookmarks/2" lastBookmarkId="0"/>
    <open-files xmlns="http://www.netbeans.org/ns/projectui-open-files/2">
        <group>
            <file>file:/C:/Users/ACER/Downloads/RestaurantQueue%20-%20fix%20delete%20button/RestaurantQueue%20-%20fix%20delete%20button/src/main/GuiRestaurant.java</file>
            <file>file:/C:/Users/ACER/Downloads/RestaurantQueue%20-%20fix%20delete%20button/RestaurantQueue%20-%20fix%20delete%20button/src/main/GuiBill.java</file>
            <file>file:/C:/Users/ACER/Downloads/RestaurantQueue%20-%20fix%20delete%20button/RestaurantQueue%20-%20fix%20delete%20button/src/lib/shopcenter.java</file>
            <file>file:/C:/Users/ACER/Downloads/RestaurantQueue%20-%20fix%20delete%20button/RestaurantQueue%20-%20fix%20delete%20button/src/lib/DatafileQueue.java</file>
        </group>
    </open-files>
</project-private>
