<?xml version="1.0" encoding="UTF-8"?>
<project-private xmlns="http://www.netbeans.org/ns/project-private/1">
    <editor-bookmarks xmlns="http://www.netbeans.org/ns/editor-bookmarks/2" lastBookmarkId="0"/>
    <open-files xmlns="http://www.netbeans.org/ns/projectui-open-files/2">
        <group>
            <file>file:/C:/Users/TRinn0015/Desktop/Project/Som/New%20folder/Project-RestaurantQueue-main/RestaurantQueue%20-%20Copy/src/main/GuiforMenu.java</file>
            <file>file:/C:/Users/TRinn0015/Desktop/Project/Som/New%20folder/Project-RestaurantQueue-main/RestaurantQueue%20-%20Copy/src/lib/Datafilestock.java</file>
            <file>file:/C:/Users/TRinn0015/Desktop/Project/Som/New%20folder/Project-RestaurantQueue-main/RestaurantQueue%20-%20Copy/src/lib/typefoodcatalog.java</file>
            <file>file:/C:/Users/TRinn0015/Desktop/Project/Som/New%20folder/Project-RestaurantQueue-main/RestaurantQueue%20-%20Copy/src/main/GuiAddStock.java</file>
            <file>file:/C:/Users/TRinn0015/Desktop/Project/Som/New%20folder/Project-RestaurantQueue-main/RestaurantQueue%20-%20Copy/src/main/GuiforStock.java</file>
            <file>file:/C:/Users/TRinn0015/Desktop/Project/Som/New%20folder/Project-RestaurantQueue-main/RestaurantQueue%20-%20Copy/src/main/GuiRestaurant.java</file>
            <file>file:/C:/Users/TRinn0015/Desktop/Project/Som/New%20folder/Project-RestaurantQueue-main/RestaurantQueue%20-%20Copy/src/lib/shopcenter.java</file>
            <file>file:/C:/Users/TRinn0015/Desktop/Project/Som/New%20folder/Project-RestaurantQueue-main/RestaurantQueue%20-%20Copy/src/lib/Datafilemenu.java</file>
        </group>
    </open-files>
</project-private>
