<?xml version="1.0" encoding="UTF-8"?>
<project-private xmlns="http://www.netbeans.org/ns/project-private/1">
    <editor-bookmarks xmlns="http://www.netbeans.org/ns/editor-bookmarks/2" lastBookmarkId="0"/>
    <open-files xmlns="http://www.netbeans.org/ns/projectui-open-files/2">
        <group>
            <file>file:/C:/Users/nanth/OneDrive/Documents/NetBeansProjects/RestaurantQueue/src/main/GuiRestaurant.java</file>
            <file>file:/C:/Users/nanth/OneDrive/Documents/NetBeansProjects/RestaurantQueue/src/main/GuiBill.java</file>
            <file>file:/C:/Users/nanth/OneDrive/Documents/NetBeansProjects/RestaurantQueue/src/main/GuiManageRestaurant.java</file>
            <file>file:/C:/Users/nanth/OneDrive/Documents/NetBeansProjects/RestaurantQueue/src/main/RestaurantQueue.java</file>
            <file>file:/C:/Users/nanth/OneDrive/Documents/NetBeansProjects/RestaurantQueue/src/main/GuiforMenu.java</file>
            <file>file:/C:/Users/nanth/OneDrive/Documents/NetBeansProjects/RestaurantQueue/src/BillandCart</file>
            <file>file:/C:/Users/nanth/OneDrive/Documents/NetBeansProjects/RestaurantQueue/src/Drinks</file>
            <file>file:/C:/Users/nanth/OneDrive/Documents/NetBeansProjects/RestaurantQueue/src/Maincourse</file>
            <file>file:/C:/Users/nanth/OneDrive/Documents/NetBeansProjects/RestaurantQueue/src/DessertStock</file>
            <file>file:/C:/Users/nanth/OneDrive/Documents/NetBeansProjects/RestaurantQueue/src/DrinksStock</file>
            <file>file:/C:/Users/nanth/OneDrive/Documents/NetBeansProjects/RestaurantQueue/src/MaincourseStock</file>
            <file>file:/C:/Users/nanth/OneDrive/Documents/NetBeansProjects/RestaurantQueue/src/Menu/Dessert.java</file>
            <file>file:/C:/Users/nanth/OneDrive/Documents/NetBeansProjects/RestaurantQueue/src/Stock/DessertStock.java</file>
            <file>file:/C:/Users/nanth/OneDrive/Documents/NetBeansProjects/RestaurantQueue/src/RestaurantQueue/test.java</file>
            <file>file:/C:/Users/nanth/OneDrive/Documents/NetBeansProjects/RestaurantQueue/src/Menu/Queue</file>
            <file>file:/C:/Users/nanth/OneDrive/Documents/NetBeansProjects/RestaurantQueue/src/lib/DatafileQueue.java</file>
            <file>file:/C:/Users/nanth/OneDrive/Documents/NetBeansProjects/RestaurantQueue/src/lib/Datafilemenu.java</file>
            <file>file:/C:/Users/nanth/OneDrive/Documents/NetBeansProjects/RestaurantQueue/src/lib/shopcenter.java</file>
            <file>file:/C:/Users/nanth/OneDrive/Documents/NetBeansProjects/RestaurantQueue/src/lib/typefoodcatalog.java</file>
            <file>file:/C:/Users/nanth/OneDrive/Documents/NetBeansProjects/RestaurantQueue/src/lib/Datafilecart.java</file>
            <file>file:/C:/Users/nanth/OneDrive/Documents/NetBeansProjects/RestaurantQueue/src/lib/InvalidOperationException.java</file>
            <file>file:/C:/Users/nanth/OneDrive/Documents/NetBeansProjects/RestaurantQueue/src/RestaurantQueue/DrinksStock</file>
            <file>file:/C:/Users/nanth/OneDrive/Documents/NetBeansProjects/RestaurantQueue/src/RestaurantQueue/Maincourse</file>
            <file>file:/C:/Users/nanth/OneDrive/Documents/NetBeansProjects/RestaurantQueue/src/RestaurantQueue/BillandCart</file>
            <file>file:/C:/Users/nanth/OneDrive/Documents/NetBeansProjects/RestaurantQueue/src/RestaurantQueue/Drinks</file>
        </group>
    </open-files>
</project-private>
